<?xml version="1.0" encoding="utf-8"?>
<!--/13212577/1376514/2.50/8/4/Transformer/-->
<quadcept_library>
  <setting unit="mil" />
  <textstyle name="Default" height="47.244094488189" strokewidth="7.8740157480315" charwidth="47.244094488189" />
  <textstyle name="Dimension" height="19.6850393700787" strokewidth="0" charwidth="19.6850393700787" />
  <textstyle name="H127W0635TH00762" height="50" strokewidth="3" charwidth="25" />
  <textstyle name="H15W15TH02" height="59.0551181102362" strokewidth="7.8740157480315" charwidth="59.0551181102362" />
  <padstyle name="c121.4_h70.8" surface="False" plated="True" isvia="False" nopaste="True" nomask="True" complex="False" holesize="27.874015748031">
    <padshape layer="TOP" shape="round" width="47.795275590551" height="47.795275590551" />
    <padshape layer="TOP_SOLDER_MASK" shape="round" width="55.669291338582" height="55.669291338582" />
    <padshape layer="INNER" shape="round" width="47.795275590551" height="47.795275590551" />
    <padshape layer="BOTTOM" shape="round" width="47.795275590551" height="47.795275590551" />
    <padshape layer="BOTTOM_SOLDER_MASK" shape="round" width="55.669291338582" height="55.669291338582" />
  </padstyle>
  <padstyle name="c289.1_h192.72" surface="False" plated="True" isvia="False" nopaste="True" nomask="True" complex="False" holesize="75.874015748031">
    <padshape layer="TOP" shape="round" width="113.81889763779" height="113.81889763779" />
    <padshape layer="TOP_SOLDER_MASK" shape="round" width="121.69291338583" height="121.69291338583" />
    <padshape layer="INNER" shape="round" width="113.81889763779" height="113.81889763779" />
    <padshape layer="BOTTOM" shape="round" width="113.81889763779" height="113.81889763779" />
    <padshape layer="BOTTOM_SOLDER_MASK" shape="round" width="121.69291338583" height="121.69291338583" />
  </padstyle>
  <footprint name="42TM026RC" originx="0" originy="0" pickpointx="0" pickpointy="0">
    <pcbpin number="1" name="1" style="c121.4_h70.8" originx="0" originy="0" rotation="90" />
    <pcbpin number="2" name="2" style="c121.4_h70.8" originx="140" originy="0" rotation="90" />
    <pcbpin number="3" name="3" style="c121.4_h70.8" originx="280" originy="0" rotation="90" />
    <pcbpin number="4" name="4" style="c121.4_h70.8" originx="280" originy="499.99999999999" rotation="90" />
    <pcbpin number="5" name="5" style="c121.4_h70.8" originx="140" originy="499.99999999999" rotation="90" />
    <pcbpin number="6" name="6" style="c121.4_h70.8" originx="0" originy="499.99999999999" rotation="90" />
    <pcbpin number="7" name="MH1" style="c289.1_h192.72" originx="-252.99212598425" originy="250" rotation="90" />
    <pcbpin number="8" name="MH2" style="c289.1_h192.72" originx="532.99212598425" originy="250" rotation="90" />
    <line layer="TOP_ASSEMBLY" originx="-292.99212598425" originy="-45.511811023621" endx="572.99212598424" endy="-45.511811023621" width="3.9370078740157" />
    <line layer="TOP_ASSEMBLY" originx="572.99212598424" originy="-45.511811023621" endx="572.99212598424" endy="545.51181102362" width="3.9370078740157" />
    <line layer="TOP_ASSEMBLY" originx="572.99212598424" originy="545.51181102362" endx="-292.99212598425" endy="545.51181102362" width="3.9370078740157" />
    <line layer="TOP_ASSEMBLY" originx="-292.99212598425" originy="545.51181102362" endx="-292.99212598425" endy="-45.511811023621" width="3.9370078740157" />
    <line layer="TOP_SILKSCREEN" originx="-293.07086614173" originy="318.89763779527" endx="-292.99212598425" endy="318.89763779527" width="7.8740157480314" />
    <line layer="TOP_SILKSCREEN" originx="-292.99212598425" originy="318.89763779527" endx="-292.99212598425" endy="545.27559055117" width="7.8740157480314" />
    <line layer="TOP_SILKSCREEN" originx="-292.99212598425" originy="545.27559055117" endx="-293.07086614173" endy="545.27559055117" width="7.8740157480314" />
    <line layer="TOP_SILKSCREEN" originx="-293.07086614173" originy="545.27559055117" endx="-293.07086614173" endy="318.89763779527" width="7.8740157480314" />
    <line layer="TOP_SILKSCREEN" originx="-292.99212598425" originy="545.27559055117" endx="572.99212598424" endy="545.27559055117" width="7.8740157480314" />
    <line layer="TOP_SILKSCREEN" originx="572.99212598424" originy="545.27559055117" endx="572.99212598424" endy="545.51181102362" width="7.8740157480314" />
    <line layer="TOP_SILKSCREEN" originx="572.99212598424" originy="545.51181102362" endx="-292.99212598425" endy="545.51181102362" width="7.8740157480314" />
    <line layer="TOP_SILKSCREEN" originx="-292.99212598425" originy="545.51181102362" endx="-292.99212598425" endy="545.27559055117" width="7.8740157480314" />
    <line layer="TOP_SILKSCREEN" originx="572.99212598424" originy="545.51181102362" endx="572.99212598424" endy="545.51181102362" width="7.8740157480314" />
    <line layer="TOP_SILKSCREEN" originx="572.99212598424" originy="545.51181102362" endx="572.99212598424" endy="318.89763779527" width="7.8740157480314" />
    <line layer="TOP_SILKSCREEN" originx="572.99212598424" originy="318.89763779527" endx="572.99212598424" endy="318.89763779527" width="7.8740157480314" />
    <line layer="TOP_SILKSCREEN" originx="572.99212598424" originy="318.89763779527" endx="572.99212598424" endy="545.51181102362" width="7.8740157480314" />
    <line layer="TOP_SILKSCREEN" originx="572.99212598424" originy="181.10236220472" endx="572.99212598424" endy="181.10236220472" width="7.8740157480314" />
    <line layer="TOP_SILKSCREEN" originx="572.99212598424" originy="181.10236220472" endx="572.99212598424" endy="-45.275590551181" width="7.8740157480314" />
    <line layer="TOP_SILKSCREEN" originx="572.99212598424" originy="-45.275590551181" endx="572.99212598424" endy="-45.275590551181" width="7.8740157480314" />
    <line layer="TOP_SILKSCREEN" originx="572.99212598424" originy="-45.275590551181" endx="572.99212598424" endy="181.10236220472" width="7.8740157480314" />
    <line layer="TOP_SILKSCREEN" originx="573.07086614173" originy="-45.275590551181" endx="-292.99212598425" endy="-45.275590551181" width="7.8740157480314" />
    <line layer="TOP_SILKSCREEN" originx="-292.99212598425" originy="-45.275590551181" endx="-292.99212598425" endy="-45.275590551181" width="7.8740157480314" />
    <line layer="TOP_SILKSCREEN" originx="-292.99212598425" originy="-45.275590551181" endx="573.07086614173" endy="-45.275590551181" width="7.8740157480314" />
    <line layer="TOP_SILKSCREEN" originx="573.07086614173" originy="-45.275590551181" endx="573.07086614173" endy="-45.275590551181" width="7.8740157480314" />
    <line layer="TOP_SILKSCREEN" originx="-293.07086614173" originy="-45.511811023621" endx="-292.99212598425" endy="-45.511811023621" width="7.8740157480314" />
    <line layer="TOP_SILKSCREEN" originx="-292.99212598425" originy="-45.511811023621" endx="-292.99212598425" endy="181.10236220472" width="7.8740157480314" />
    <line layer="TOP_SILKSCREEN" originx="-292.99212598425" originy="181.10236220472" endx="-293.07086614173" endy="181.10236220472" width="7.8740157480314" />
    <line layer="TOP_SILKSCREEN" originx="-293.07086614173" originy="181.10236220472" endx="-293.07086614173" endy="-45.511811023621" width="7.8740157480314" />
    <line layer="TOP_PLACE_BOUND" originx="-349.29133858267" originy="584.88188976377" endx="629.29133858267" endy="584.88188976377" width="3.9370078740157" />
    <line layer="TOP_PLACE_BOUND" originx="629.29133858267" originy="584.88188976377" endx="629.29133858267" endy="-84.881889763778" width="3.9370078740157" />
    <line layer="TOP_PLACE_BOUND" originx="629.29133858267" originy="-84.881889763778" endx="-349.29133858267" endy="-84.881889763778" width="3.9370078740157" />
    <line layer="TOP_PLACE_BOUND" originx="-349.29133858267" originy="-84.881889763778" endx="-349.29133858267" endy="584.88188976377" width="3.9370078740157" />
    <line layer="TOP_SILKSCREEN" originx="0" originy="-70.866141732283" endx="0" endy="-70.866141732283" width="11.811023622047" />
    <arc layer="TOP_SILKSCREEN" originx="1.6391087961985E-15" originy="-68.897637795275" startangle="-90.0" sweepangle="180.0" radius="1.9685039370079" width="11.811023622047" />
    <line layer="TOP_SILKSCREEN" originx="0" originy="-66.929133858267" endx="0" endy="-66.929133858267" width="11.811023622047" />
    <arc layer="TOP_SILKSCREEN" originx="1.6391087961985E-15" originy="-68.897637795275" startangle="90.0" sweepangle="180.0" radius="1.9685039370079" width="11.811023622047" />
    <line layer="TOP_SILKSCREEN" originx="0" originy="-70.866141732283" endx="0" endy="-70.866141732283" width="11.811023622047" />
    <arc layer="TOP_SILKSCREEN" originx="1.6391087961985E-15" originy="-68.897637795275" startangle="-90.0" sweepangle="180.0" radius="1.9685039370079" width="11.811023622047" />
  </footprint>
  <symbol name="42TM026-RC" originx="0" originy="0">
    <line originx="200" originy="600" endx="800" endy="600" width="0" />
    <line originx="800" originy="-600" endx="800" endy="600" width="0" />
    <line originx="800" originy="-600" endx="200" endy="-600" width="0" />
    <line originx="200" originy="600" endx="200" endy="-600" width="0" />
    <sympin number="1" originx="400" originy="-600" rotation="270" length="100" width="7.8740157480315" flipped="False">
      <text name="pinname" originx="400" originy="-570" style="Default" rotation="0" justify="left" flipped="False" hidden="False" data="PRI.+_1" />
      <text name="pindes" originx="380" originy="-660" style="Default" rotation="0" justify="lowerright" flipped="False" hidden="False" data="1" />
    </sympin>
    <sympin number="2" originx="500" originy="-600" rotation="270" length="100" width="7.8740157480315" flipped="False">
      <text name="pinname" originx="500" originy="-570" style="Default" rotation="0" justify="left" flipped="False" hidden="False" data="PRI.+_2" />
      <text name="pindes" originx="480" originy="-660" style="Default" rotation="0" justify="lowerright" flipped="False" hidden="False" data="2" />
    </sympin>
    <sympin number="3" originx="600" originy="-600" rotation="270" length="100" width="7.8740157480315" flipped="False">
      <text name="pinname" originx="600" originy="-570" style="Default" rotation="0" justify="left" flipped="False" hidden="False" data="PRI.-" />
      <text name="pindes" originx="580" originy="-660" style="Default" rotation="0" justify="lowerright" flipped="False" hidden="False" data="3" />
    </sympin>
    <sympin number="4" originx="600" originy="600" rotation="90" length="100" width="7.8740157480315" flipped="False">
      <text name="pinname" originx="600" originy="570" style="Default" rotation="0" justify="right" flipped="False" hidden="False" data="SEC.+_1" />
      <text name="pindes" originx="580" originy="660" style="Default" rotation="0" justify="lowerleft" flipped="False" hidden="False" data="4" />
    </sympin>
    <sympin number="5" originx="500" originy="600" rotation="90" length="100" width="7.8740157480315" flipped="False">
      <text name="pinname" originx="500" originy="570" style="Default" rotation="0" justify="right" flipped="False" hidden="False" data="SEC.+_2" />
      <text name="pindes" originx="480" originy="660" style="Default" rotation="0" justify="lowerleft" flipped="False" hidden="False" data="5" />
    </sympin>
    <sympin number="6" originx="400" originy="600" rotation="90" length="100" width="7.8740157480315" flipped="False">
      <text name="pinname" originx="400" originy="570" style="Default" rotation="0" justify="right" flipped="False" hidden="False" data="SEC.-" />
      <text name="pindes" originx="380" originy="660" style="Default" rotation="0" justify="lowerleft" flipped="False" hidden="False" data="6" />
    </sympin>
    <sympin number="7" originx="200" originy="0" rotation="180" length="100" width="7.8740157480315" flipped="False">
      <text name="pinname" originx="230" originy="0" style="Default" rotation="0" justify="left" flipped="False" hidden="False" data="MH1" />
      <text name="pindes" originx="140" originy="20" style="Default" rotation="0" justify="lowerright" flipped="False" hidden="False" data="MH1" />
    </sympin>
    <sympin number="8" originx="800" originy="0" rotation="0" length="100" width="7.8740157480315" flipped="False">
      <text name="pinname" originx="770" originy="0" style="Default" rotation="0" justify="right" flipped="False" hidden="False" data="MH2" />
      <text name="pindes" originx="860" originy="20" style="Default" rotation="0" justify="lowerleft" flipped="False" hidden="False" data="MH2" />
    </sympin>
  </symbol>
  <component name="42TM026-RC" designatorprefix="T" height="668.99999999999" footprint="42TM026RC">
    <comppin designator="1" sympin="1" pinswap="0" gateswap="0" gate="1" group="1" side="" type="Any" name="PRI.+_1" />
    <comppin designator="2" sympin="2" pinswap="0" gateswap="0" gate="1" group="1" side="" type="Any" name="PRI.+_2" />
    <comppin designator="3" sympin="3" pinswap="0" gateswap="0" gate="1" group="1" side="" type="Any" name="PRI.-" />
    <comppin designator="4" sympin="4" pinswap="0" gateswap="0" gate="1" group="1" side="" type="Any" name="SEC.+_1" />
    <comppin designator="5" sympin="5" pinswap="0" gateswap="0" gate="1" group="1" side="" type="Any" name="SEC.+_2" />
    <comppin designator="6" sympin="6" pinswap="0" gateswap="0" gate="1" group="1" side="" type="Any" name="SEC.-" />
    <comppin designator="MH1" sympin="7" pinswap="0" gateswap="0" gate="1" group="1" side="" type="Any" name="MH1" />
    <comppin designator="MH2" sympin="8" pinswap="0" gateswap="0" gate="1" group="1" side="" type="Any" name="MH2" />
    <attached_symbol gate="1" name="42TM026-RC" />
    <pinmap designator="1" footprintpin="1" />
    <pinmap designator="2" footprintpin="2" />
    <pinmap designator="3" footprintpin="3" />
    <pinmap designator="4" footprintpin="4" />
    <pinmap designator="5" footprintpin="5" />
    <pinmap designator="6" footprintpin="6" />
    <pinmap designator="MH1" footprintpin="7" />
    <pinmap designator="MH2" footprintpin="8" />
    <text name="Datasheet" originx="0" originy="0" style="Default" rotation="0" justify="" flipped="False" hidden="True" data="https://www.mouser.in/datasheet/2/449/XC-600134-1212477.pdf" />
    <text name="Description" originx="0" originy="0" style="Default" rotation="0" justify="" flipped="False" hidden="True" data="Audio Transformers / Signal Transformers XFMR 500CT/16CT" />
    <text name="Mouser Part Number" originx="0" originy="0" style="Default" rotation="0" justify="" flipped="False" hidden="True" data="42TM026-RC" />
    <text name="Mouser Price/Stock" originx="0" originy="0" style="Default" rotation="0" justify="" flipped="False" hidden="True" data="https://www.mouser.co.uk/ProductDetail/Xicon/42TM026-RC?qs=LQJGOuQCHKSqrkgpQIuPNg%3D%3D" />
    <text name="Manufacturer_Name" originx="0" originy="0" style="Default" rotation="0" justify="" flipped="False" hidden="True" data="Xicon" />
    <text name="Manufacturer_Part_Number" originx="850" originy="700" style="Default" rotation="0" justify="left" flipped="False" hidden="False" data="42TM026-RC" />
  </component>
</quadcept_library>
