<?xml version="1.0" encoding="utf-8"?>
<!--/358240/1376514/2.50/16/4/Integrated Circuit/-->
<quadcept_library>
  <setting unit="mil" />
  <textstyle name="Default" height="47.244094488189" strokewidth="7.8740157480315" charwidth="47.244094488189" />
  <textstyle name="Dimension" height="19.6850393700787" strokewidth="0" charwidth="19.6850393700787" />
  <textstyle name="H127W0635TH00762" height="50" strokewidth="3" charwidth="25" />
  <textstyle name="H15W15TH02" height="59.0551181102362" strokewidth="7.8740157480315" charwidth="59.0551181102362" />
  <padstyle name="r175_65" surface="True" plated="False" isvia="False" nopaste="False" nomask="True" complex="False" holesize="0">
    <padshape layer="TOP" shape="rectangle" width="25.590551181102" height="68.897637795275" />
    <padshape layer="TOP_SOLDER_MASK" shape="rectangle" width="33.464566929133" height="76.771653543306" />
    <padshape layer="TOP_SOLDER_PASTE" shape="rectangle" width="25.590551181102" height="68.897637795275" />
  </padstyle>
  <footprint name="SOIC127P1030X265-16N" originx="0" originy="0" pickpointx="0" pickpointy="0">
    <pcbpin number="1" name="1" style="r175_65" originx="-187.99212598425" originy="175" rotation="90" />
    <pcbpin number="2" name="2" style="r175_65" originx="-187.99212598425" originy="125" rotation="90" />
    <pcbpin number="3" name="3" style="r175_65" originx="-187.99212598425" originy="74.999999999999" rotation="90" />
    <pcbpin number="4" name="4" style="r175_65" originx="-187.99212598425" originy="25" rotation="90" />
    <pcbpin number="5" name="5" style="r175_65" originx="-187.99212598425" originy="-25" rotation="90" />
    <pcbpin number="6" name="6" style="r175_65" originx="-187.99212598425" originy="-74.999999999999" rotation="90" />
    <pcbpin number="7" name="7" style="r175_65" originx="-187.99212598425" originy="-125" rotation="90" />
    <pcbpin number="8" name="8" style="r175_65" originx="-187.99212598425" originy="-175" rotation="90" />
    <pcbpin number="9" name="9" style="r175_65" originx="187.99212598425" originy="-175" rotation="90" />
    <pcbpin number="10" name="10" style="r175_65" originx="187.99212598425" originy="-125" rotation="90" />
    <pcbpin number="11" name="11" style="r175_65" originx="187.99212598425" originy="-74.999999999999" rotation="90" />
    <pcbpin number="12" name="12" style="r175_65" originx="187.99212598425" originy="-25" rotation="90" />
    <pcbpin number="13" name="13" style="r175_65" originx="187.99212598425" originy="25" rotation="90" />
    <pcbpin number="14" name="14" style="r175_65" originx="187.99212598425" originy="74.999999999999" rotation="90" />
    <pcbpin number="15" name="15" style="r175_65" originx="187.99212598425" originy="125" rotation="90" />
    <pcbpin number="16" name="16" style="r175_65" originx="187.99212598425" originy="175" rotation="90" />
    <line layer="TOP_PLACE_BOUND" originx="-232.28346456693" originy="215.55118110236" endx="232.28346456693" endy="215.55118110236" width="1.9685039370079" />
    <line layer="TOP_PLACE_BOUND" originx="232.28346456693" originy="215.55118110236" endx="232.28346456693" endy="-215.55118110236" width="1.9685039370079" />
    <line layer="TOP_PLACE_BOUND" originx="232.28346456693" originy="-215.55118110236" endx="-232.28346456693" endy="-215.55118110236" width="1.9685039370079" />
    <line layer="TOP_PLACE_BOUND" originx="-232.28346456693" originy="-215.55118110236" endx="-232.28346456693" endy="215.55118110236" width="1.9685039370079" />
    <line layer="TOP_ASSEMBLY" originx="-147.63779527559" originy="202.75590551181" endx="147.63779527559" endy="202.75590551181" width="3.9370078740157" />
    <line layer="TOP_ASSEMBLY" originx="147.63779527559" originy="202.75590551181" endx="147.63779527559" endy="-202.75590551181" width="3.9370078740157" />
    <line layer="TOP_ASSEMBLY" originx="147.63779527559" originy="-202.75590551181" endx="-147.63779527559" endy="-202.75590551181" width="3.9370078740157" />
    <line layer="TOP_ASSEMBLY" originx="-147.63779527559" originy="-202.75590551181" endx="-147.63779527559" endy="202.75590551181" width="3.9370078740157" />
    <line layer="TOP_ASSEMBLY" originx="-147.63779527559" originy="152.75590551181" endx="-97.637795275589" endy="202.75590551181" width="3.9370078740157" />
    <line layer="TOP_SILKSCREEN" originx="-139.76377952756" originy="202.75590551181" endx="139.76377952756" endy="202.75590551181" width="7.8740157480314" />
    <line layer="TOP_SILKSCREEN" originx="139.76377952756" originy="202.75590551181" endx="139.76377952756" endy="-202.75590551181" width="7.8740157480314" />
    <line layer="TOP_SILKSCREEN" originx="139.76377952756" originy="-202.75590551181" endx="-139.76377952756" endy="-202.75590551181" width="7.8740157480314" />
    <line layer="TOP_SILKSCREEN" originx="-139.76377952756" originy="-202.75590551181" endx="-139.76377952756" endy="202.75590551181" width="7.8740157480314" />
    <line layer="TOP_SILKSCREEN" originx="-222.44094488189" originy="201.5748031496" endx="-153.54330708661" endy="201.5748031496" width="7.8740157480314" />
  </footprint>
  <symbol name="TCA0372BDWR2G" originx="0" originy="0">
    <line originx="200" originy="100" endx="1400" endy="100" width="0" />
    <line originx="1400" originy="-800" endx="1400" endy="100" width="0" />
    <line originx="1400" originy="-800" endx="200" endy="-800" width="0" />
    <line originx="200" originy="100" endx="200" endy="-800" width="0" />
    <sympin number="1" originx="200" originy="0" rotation="180" length="100" width="7.8740157480315" flipped="False">
      <text name="pinname" originx="230" originy="0" style="Default" rotation="0" justify="left" flipped="False" hidden="False" data="VCC" />
      <text name="pindes" originx="140" originy="20" style="Default" rotation="0" justify="lowerright" flipped="False" hidden="False" data="1" />
    </sympin>
    <sympin number="2" originx="200" originy="-100" rotation="180" length="100" width="7.8740157480315" flipped="False">
      <text name="pinname" originx="230" originy="-100" style="Default" rotation="0" justify="left" flipped="False" hidden="False" data="OUTPUT_B" />
      <text name="pindes" originx="140" originy="-80" style="Default" rotation="0" justify="lowerright" flipped="False" hidden="False" data="2" />
    </sympin>
    <sympin number="3" originx="200" originy="-200" rotation="180" length="100" width="7.8740157480315" flipped="False">
      <text name="pinname" originx="230" originy="-200" style="Default" rotation="0" justify="left" flipped="False" hidden="False" data="NC_1" />
      <text name="pindes" originx="140" originy="-180" style="Default" rotation="0" justify="lowerright" flipped="False" hidden="False" data="3" />
    </sympin>
    <sympin number="4" originx="200" originy="-300" rotation="180" length="100" width="7.8740157480315" flipped="False">
      <text name="pinname" originx="230" originy="-300" style="Default" rotation="0" justify="left" flipped="False" hidden="False" data="VEE/GND_1" />
      <text name="pindes" originx="140" originy="-280" style="Default" rotation="0" justify="lowerright" flipped="False" hidden="False" data="4" />
    </sympin>
    <sympin number="5" originx="200" originy="-400" rotation="180" length="100" width="7.8740157480315" flipped="False">
      <text name="pinname" originx="230" originy="-400" style="Default" rotation="0" justify="left" flipped="False" hidden="False" data="VEE/GND_2" />
      <text name="pindes" originx="140" originy="-380" style="Default" rotation="0" justify="lowerright" flipped="False" hidden="False" data="5" />
    </sympin>
    <sympin number="6" originx="200" originy="-500" rotation="180" length="100" width="7.8740157480315" flipped="False">
      <text name="pinname" originx="230" originy="-500" style="Default" rotation="0" justify="left" flipped="False" hidden="False" data="NC_2" />
      <text name="pindes" originx="140" originy="-480" style="Default" rotation="0" justify="lowerright" flipped="False" hidden="False" data="6" />
    </sympin>
    <sympin number="7" originx="200" originy="-600" rotation="180" length="100" width="7.8740157480315" flipped="False">
      <text name="pinname" originx="230" originy="-600" style="Default" rotation="0" justify="left" flipped="False" hidden="False" data="INPUT_B_1" />
      <text name="pindes" originx="140" originy="-580" style="Default" rotation="0" justify="lowerright" flipped="False" hidden="False" data="7" />
    </sympin>
    <sympin number="8" originx="200" originy="-700" rotation="180" length="100" width="7.8740157480315" flipped="False">
      <text name="pinname" originx="230" originy="-700" style="Default" rotation="0" justify="left" flipped="False" hidden="False" data="INPUT_B_2" />
      <text name="pindes" originx="140" originy="-680" style="Default" rotation="0" justify="lowerright" flipped="False" hidden="False" data="8" />
    </sympin>
    <sympin number="16" originx="1400" originy="0" rotation="0" length="100" width="7.8740157480315" flipped="False">
      <text name="pinname" originx="1370" originy="0" style="Default" rotation="0" justify="right" flipped="False" hidden="False" data="OUTPUT_A" />
      <text name="pindes" originx="1460" originy="20" style="Default" rotation="0" justify="lowerleft" flipped="False" hidden="False" data="16" />
    </sympin>
    <sympin number="15" originx="1400" originy="-100" rotation="0" length="100" width="7.8740157480315" flipped="False">
      <text name="pinname" originx="1370" originy="-100" style="Default" rotation="0" justify="right" flipped="False" hidden="False" data="NC_5" />
      <text name="pindes" originx="1460" originy="-80" style="Default" rotation="0" justify="lowerleft" flipped="False" hidden="False" data="15" />
    </sympin>
    <sympin number="14" originx="1400" originy="-200" rotation="0" length="100" width="7.8740157480315" flipped="False">
      <text name="pinname" originx="1370" originy="-200" style="Default" rotation="0" justify="right" flipped="False" hidden="False" data="NC_4" />
      <text name="pindes" originx="1460" originy="-180" style="Default" rotation="0" justify="lowerleft" flipped="False" hidden="False" data="14" />
    </sympin>
    <sympin number="13" originx="1400" originy="-300" rotation="0" length="100" width="7.8740157480315" flipped="False">
      <text name="pinname" originx="1370" originy="-300" style="Default" rotation="0" justify="right" flipped="False" hidden="False" data="VEE/GND_4" />
      <text name="pindes" originx="1460" originy="-280" style="Default" rotation="0" justify="lowerleft" flipped="False" hidden="False" data="13" />
    </sympin>
    <sympin number="12" originx="1400" originy="-400" rotation="0" length="100" width="7.8740157480315" flipped="False">
      <text name="pinname" originx="1370" originy="-400" style="Default" rotation="0" justify="right" flipped="False" hidden="False" data="VEE/GND_3" />
      <text name="pindes" originx="1460" originy="-380" style="Default" rotation="0" justify="lowerleft" flipped="False" hidden="False" data="12" />
    </sympin>
    <sympin number="11" originx="1400" originy="-500" rotation="0" length="100" width="7.8740157480315" flipped="False">
      <text name="pinname" originx="1370" originy="-500" style="Default" rotation="0" justify="right" flipped="False" hidden="False" data="NC_3" />
      <text name="pindes" originx="1460" originy="-480" style="Default" rotation="0" justify="lowerleft" flipped="False" hidden="False" data="11" />
    </sympin>
    <sympin number="10" originx="1400" originy="-600" rotation="0" length="100" width="7.8740157480315" flipped="False">
      <text name="pinname" originx="1370" originy="-600" style="Default" rotation="0" justify="right" flipped="False" hidden="False" data="INPUT_A_2" />
      <text name="pindes" originx="1460" originy="-580" style="Default" rotation="0" justify="lowerleft" flipped="False" hidden="False" data="10" />
    </sympin>
    <sympin number="9" originx="1400" originy="-700" rotation="0" length="100" width="7.8740157480315" flipped="False">
      <text name="pinname" originx="1370" originy="-700" style="Default" rotation="0" justify="right" flipped="False" hidden="False" data="INPUT_A_1" />
      <text name="pindes" originx="1460" originy="-680" style="Default" rotation="0" justify="lowerleft" flipped="False" hidden="False" data="9" />
    </sympin>
  </symbol>
  <component name="TCA0372BDWR2G" designatorprefix="IC" height="104.33070866142" footprint="SOIC127P1030X265-16N">
    <comppin designator="1" sympin="1" pinswap="0" gateswap="0" gate="1" group="1" side="" type="Any" name="VCC" />
    <comppin designator="2" sympin="2" pinswap="0" gateswap="0" gate="1" group="1" side="" type="Any" name="OUTPUT_B" />
    <comppin designator="3" sympin="3" pinswap="0" gateswap="0" gate="1" group="1" side="" type="Any" name="NC_1" />
    <comppin designator="4" sympin="4" pinswap="0" gateswap="0" gate="1" group="1" side="" type="Any" name="VEE/GND_1" />
    <comppin designator="5" sympin="5" pinswap="0" gateswap="0" gate="1" group="1" side="" type="Any" name="VEE/GND_2" />
    <comppin designator="6" sympin="6" pinswap="0" gateswap="0" gate="1" group="1" side="" type="Any" name="NC_2" />
    <comppin designator="7" sympin="7" pinswap="0" gateswap="0" gate="1" group="1" side="" type="Any" name="INPUT_B_1" />
    <comppin designator="8" sympin="8" pinswap="0" gateswap="0" gate="1" group="1" side="" type="Any" name="INPUT_B_2" />
    <comppin designator="9" sympin="9" pinswap="0" gateswap="0" gate="1" group="1" side="" type="Any" name="INPUT_A_1" />
    <comppin designator="10" sympin="10" pinswap="0" gateswap="0" gate="1" group="1" side="" type="Any" name="INPUT_A_2" />
    <comppin designator="11" sympin="11" pinswap="0" gateswap="0" gate="1" group="1" side="" type="Any" name="NC_3" />
    <comppin designator="12" sympin="12" pinswap="0" gateswap="0" gate="1" group="1" side="" type="Any" name="VEE/GND_3" />
    <comppin designator="13" sympin="13" pinswap="0" gateswap="0" gate="1" group="1" side="" type="Any" name="VEE/GND_4" />
    <comppin designator="14" sympin="14" pinswap="0" gateswap="0" gate="1" group="1" side="" type="Any" name="NC_4" />
    <comppin designator="15" sympin="15" pinswap="0" gateswap="0" gate="1" group="1" side="" type="Any" name="NC_5" />
    <comppin designator="16" sympin="16" pinswap="0" gateswap="0" gate="1" group="1" side="" type="Any" name="OUTPUT_A" />
    <attached_symbol gate="1" name="TCA0372BDWR2G" />
    <pinmap designator="1" footprintpin="1" />
    <pinmap designator="2" footprintpin="2" />
    <pinmap designator="3" footprintpin="3" />
    <pinmap designator="4" footprintpin="4" />
    <pinmap designator="5" footprintpin="5" />
    <pinmap designator="6" footprintpin="6" />
    <pinmap designator="7" footprintpin="7" />
    <pinmap designator="8" footprintpin="8" />
    <pinmap designator="9" footprintpin="9" />
    <pinmap designator="10" footprintpin="10" />
    <pinmap designator="11" footprintpin="11" />
    <pinmap designator="12" footprintpin="12" />
    <pinmap designator="13" footprintpin="13" />
    <pinmap designator="14" footprintpin="14" />
    <pinmap designator="15" footprintpin="15" />
    <pinmap designator="16" footprintpin="16" />
    <text name="Datasheet" originx="0" originy="0" style="Default" rotation="0" justify="" flipped="False" hidden="True" data="http://www.onsemi.com/pub_link/Collateral/TCA0372-D.PDF" />
    <text name="Description" originx="0" originy="0" style="Default" rotation="0" justify="" flipped="False" hidden="True" data="ON SEMICONDUCTOR - TCA0372BDWR2G - OP-AMP, DUAL, 1.4MHZ, 1.4V/US, WSOIC-16" />
    <text name="Mouser Part Number" originx="0" originy="0" style="Default" rotation="0" justify="" flipped="False" hidden="True" data="863-TCA0372BDWR2G" />
    <text name="Mouser Price/Stock" originx="0" originy="0" style="Default" rotation="0" justify="" flipped="False" hidden="True" data="https://www.mouser.co.uk/ProductDetail/onsemi/TCA0372BDWR2G?qs=xZq1yRCsb1cabHbnO0INRw%3D%3D" />
    <text name="Manufacturer_Name" originx="0" originy="0" style="Default" rotation="0" justify="" flipped="False" hidden="True" data="onsemi" />
    <text name="Manufacturer_Part_Number" originx="1450" originy="200" style="Default" rotation="0" justify="left" flipped="False" hidden="False" data="TCA0372BDWR2G" />
  </component>
</quadcept_library>
